username,password
cust0101,2KsddrJPxz
cust0102,vr5R2zZ9uU
cust0103,B7bQdHZsF8
cust0201,JQE5rbSuzb
cust0202,6ahQFyGHKc
cust0203,Rp5HDJ7yzJ
cust0301,9ADqPkpKWx
cust0302,hcNRDJ35DM
cust0303,C6nQuq5S9H
cust0401,S2TEc8HNZC
cust0402,DF2abCsDR2
cust0403,h5rRSq7auD
cust0501,8XWwbDUdDd
cust0502,3haDYC4QTh
cust0503,5aWwusK3Gv
cust0601,PedR77uGdT
cust0602,zPWUwj6sbY
cust0603,xyd6w59NeH
cust0701,GJYRk8Y2pc
cust0702,DV8p3khQJg
cust0703,Dr6hgXU7Y4
cust0801,VTMewCHJN5
cust0802,Z2DRKrWV9x
cust0803,FvDBcyZ36U
cust0901,Avz8RJq8xu
cust0902,sUhTDvH2gJ
cust0903,MfTxPm65mX
cust1001,CKQFHe56SK
cust1002,U9aXBsDC64
cust1003,NxQB7Kq387
cust1101,DaCmXfQnA8
cust1102,qQbUszZ7g4
cust1103,2kM4VDmymW
cust1201,KY6c9nxwd4
cust1202,LFDsPS7Ab3
cust1203,xc82PzDuGJ
cust1301,P7LQ5jcr8k
cust1302,Qn2ZVk5HWv
cust1303,XN9zDaejGk
cust1401,Ys6HBuFaF9
cust1402,sdsn47pEd2
cust1403,Zt5zUCB7MD
cust1501,G4xFTNQ3DX
cust1502,r4CnVe9PtY
cust1503,8pBWhdPSDz
cust1601,uQF4eZpDjX
cust1602,XrV7sD288f
cust1603,K3mDZDGPFV
cust1701,2wsPs9BpVu
cust1702,Mc9L6a7uNw
cust1703,4RQtSuFLe5
cust1801,bwSzDhp3Jq
cust1802,4QsNguYz5Q
cust1803,t9zEY39DGn
cust1901,nf8mnM3PwF
cust1902,f3CXLHCu45
cust1903,G4FQ3qaC9R
cust2001,7GBy3GDP6s
cust2002,EGy9rCD74U
cust2003,T6ULRmUUuC
cust2101,PbYFNCQ6HX
cust2102,gLnS9K2LB2
cust2103,muL69Exc8t
cust2201,TDDX9qPewE
cust2202,6kNNaCxbTu
cust2203,N4SGd5JXsc
cust2301,tW3gMg8L7S
cust2302,mWLzg3M7J8
cust2303,fa89DBw3YL
cust2401,YC6dAXcUYg
cust2402,jGV2QW4J3A
cust2403,RTt5LLJmaM
cust2501,Gdz2U3j4d2
cust2502,NEMqm5hWnD
cust2503,m9x37arvLJ
cust2601,N2E598GNxj
cust2602,c5eN8p86LM
cust2603,YLSLF4yX8Q
cust2701,gd9Y8FVer8
cust2702,9gutu6aRwZ
cust2703,y8Xq2J7PRE
cust2801,ATC39UY7zp
cust2802,xCFJtEvm2k
cust2803,dgDDKR5cfU
cust2901,2UTDR75tNK
cust2902,kN4gq8RSmf
cust2903,5Bc2RDGgHE
cust3001,cnvmFs83gU
cust3002,C2brFQWZx3
cust3003,CYJYZcKq85
cust3101,bochk
cust3102,bochk
cust3103,bochk
